id,hip,hd,hr,gl,bf,proper,ra,dec,dist,pmra,pmdec,rv,mag,absmag,spect,ci,x,y,z,vx,vy,vz,rarad,decrad,pmrarad,pmdecrad,bayer,flam,con,comp,comp_primary,base,lum,var,var_min,var_max
32263,32349.0,48915.0,2491.0,Gl 244A,9Alp CMa,Sirius,6.752481,-16.716116,2.6371,-546.01,-1223.08,-9.4,-1.44,1.454,A0m...,0.009,-0.494323,2.476731,-0.758485,9.53e-06,-1.207e-05,-1.221e-05,1.7677953696021995,-0.291751258517685,-2.6471311772e-06,-5.929659164e-06,Alp,9.0,CMa,1,32263,Gl 244,22.824433121735037,,-1.333,-1.523
30365,30438.0,45348.0,2326.0,,Alp Car,Canopus,6.399195,-52.69566,94.7867,19.99,23.67,21.0,-0.62,-5.504,F0Ib,0.164,-5.992679,57.132034,-75.396105,-1.14e-05,2.059e-05,-1.049e-05,1.6753053519997292,-0.9197127748902676,9.69142547e-08,1.14755398e-07,Alp,,Car,1,30365,,13854.791675667217,,-0.547,-0.667
69451,69673.0,124897.0,5340.0,Gl 541,16Alp Boo,Arcturus,14.26103,19.18241,11.2575,-1093.45,-1999.4,-5.0,-0.05,-0.307,K2IIIp,1.239,-8.823448,-5.932531,3.698938,-5.905e-05,3.22e-05,-0.00010473,3.7335290285420872,0.3347962180586212,-5.30119519e-06,-9.693364729e-06,Alp,16.0,Boo,1,69451,,115.55799554021291,,,
71456,71683.0,128620.0,5459.0,Gl 559A,Alp1Cen,Rigil Kentaurus,14.660765,-60.833976,1.3248,-3678.19,481.84,-26.2,-0.01,4.379,G2V,0.71,-0.495203,-0.414084,-1.156625,-7.22e-06,2.476e-05,2.491e-05,3.838179211777228,-1.0617531757704175,-1.78323683168e-05,2.336026238e-06,Alp-1,,Cen,1,71456,Gl 559,1.543121065657792,,0.113,-0.087
90979,91262.0,172167.0,7001.0,Gl 721,3Alp Lyr,Vega,18.61564,38.783692,7.6787,201.02,287.46,-12.1,0.03,0.604,A0Vvar,-0.001,0.960565,-5.908009,4.809731,4.76e-06,1.734e-05,5.9e-07,4.873563095509031,0.6769031163973025,9.745724607e-07,1.393645406e-06,Alp,3.0,Lyr,1,90979,,49.93441887213498,,,
24549,24608.0,34029.0,1708.0,Gl 194A,13Alp Aur,Capella,5.27815,45.997991,13.1234,75.52,-427.13,22.2,0.08,-0.51,M1: comp,0.795,1.712633,8.954439,9.440007,1.92e-06,3.559e-05,-2.54e-06,1.381816412648801,0.8028163926341112,3.661312916e-07,-2.070784673e-06,Alp,13.0,Aur,1,24549,Gl 194,139.3156802945302,,,
24378,24436.0,34085.0,1713.0,,19Bet Ori,Rigel,5.242298,-8.20164,264.5503,1.87,-0.56,21.0,0.18,-6.933,B8Ia,-0.03,51.601106,256.709905,-37.740051,1.82e-06,2.121e-05,-3.77e-06,1.3724303693276385,-0.143145630755865,9.0660158e-09,-2.714956e-09,Bet,19.0,Ori,1,24378,,51665.42425669497,,,
37173,37279.0,61421.0,2943.0,Gl 280A,10Alp CMi,Procyon,7.655033,5.224993,3.5142,-716.57,-1034.58,-4.0,0.4,2.671,F5IV-V,0.432,-1.469312,3.17617,0.320024,1.212e-05,2.89e-06,-1.792e-05,2.004083041242831,0.09119333187796,-3.4740293908e-06,-5.015785376e-06,Alp,10.0,CMi,1,37173,Gl 280,7.4404636619191935,,,
27919,27989.0,39801.0,2061.0,,58Alp Ori,Betelgeuse,5.919529,7.407063,152.6718,27.33,10.86,21.0,0.45,-5.469,M2Ib,1.5,3.189296,151.364387,19.682142,-1.98e-05,2.068e-05,1.074e-05,1.549729118371315,0.1292776316941937,1.324995789e-07,5.2650765e-08,Alp,58.0,Ori,1,27919,,13415.28798266127,Alp,0.571,0.281
7574,7588.0,10144.0,472.0,,Alp Eri,Achernar,1.628556,-57.236757,42.7533,88.02,-40.08,16.0,0.45,-2.705,B3Vp,-0.158,21.065573,9.568417,-35.951967,-5.84e-06,1.738e-05,-1.826e-05,0.4263550659137642,-0.9989698692415762,4.267330016e-07,-1.94313323e-07,Alp,,Eri,1,7574,,1051.9618738232234,Alp,0.487,0.427
68483,68702.0,122451.0,5267.0,,Bet Cen,Hadar,14.063729,-60.373039,120.1923,-33.96,-25.06,6.0,0.61,-4.789,B1III,-0.231,-50.954051,-30.56287,-104.478695,-1.89e-06,2.194e-05,-1.255e-05,3.681875660376148,-1.053708314075195,-1.646427259e-07,-1.21494308e-07,Bet,,Cen,1,68483,,7171.33482657721,Bet,0.634,0.594
97338,97649.0,187642.0,7557.0,Gl 768,53Alp Aql,Altair,19.846388,8.868322,5.1295,536.82,385.54,-26.1,0.76,2.21,A7IV-V,0.221,2.355468,-4.4873,0.790749,-1.12e-06,3.087e-05,5.36e-06,5.195772105546999,0.15478141706831,2.6025768e-06,1.869150664e-06,Alp,53.0,Aql,1,97338,,11.376272858234303,Alp,0.803,0.753
60530,60718.0,108248.0,4730.0,,Alp1Cru,Acrux,12.443311,-63.099092,98.7167,-35.37,-14.73,-11.0,0.77,-4.202,B0.5IV,-0.243,-44.363755,-5.171957,-88.034513,9.34e-06,1.813e-05,6.84e-06,3.2576512815622607,-1.1012869028642311,-1.714785988e-07,-7.1413055e-08,Alp-1,,Cru,1,60530,,4176.379929509739,,,
21368,21421.0,29139.0,1457.0,Gl 171.1A,87Alp Tau,Aldebaran,4.598677,16.509301,20.4332,62.78,-189.36,54.5,0.87,-0.682,K5III,1.538,7.02722,18.287604,5.806661,1.528e-05,5.709e-05,-2.14e-06,1.2039308112027507,0.2881416661221312,3.043660287e-07,-9.18043185e-07,Alp,87.0,Tau,1,21368,Gl 171.1,163.23000728189953,Alp,0.888,0.858
65269,65474.0,116658.0,5056.0,,67Alp Vir,Spica,13.419883,-11.161322,76.5697,-42.5,-31.73,1.0,0.98,-3.44,B1V,-0.235,-69.990853,-27.285826,-14.82176,-4.54e-06,1.516e-05,-1.175e-05,3.5133172180991257,-0.194801818024575,-2.060458142e-07,-1.5383138e-07,Alp,67.0,Vir,1,65269,,2070.1413487910413,Alp,1.001,0.961
80519,80763.0,148478.0,6134.0,,21Alp Sco,Antares,16.490128,-26.432002,169.7793,-10.16,-23.21,-3.0,1.06,-5.089,M1Ib + B2.5V,1.865,-58.542602,-140.307591,-75.574766,-3.38e-06,1.36e-05,-1.574e-05,4.317105466000638,-0.4613254705959812,-4.92570699e-08,-1.12525255e-07,Alp,21.0,Sco,1,80519,,9453.660459579653,Alp,1.155,0.995
37718,37826.0,62509.0,2990.0,Gl 286,78Bet Gem,Pollux,7.755277,28.026199,10.3584,-625.69,-45.95,3.6,1.16,1.084,K0IIIvar,0.991,-4.055465,8.19518,4.867171,2.624e-05,1.782e-05,-3.1e-07,2.0303268874812184,0.4891494417459975,-3.0334307179e-06,-2.22771886e-07,Bet,78.0,Gem,1,37718,,32.09223768048434,,,
113008,113368.0,216956.0,8728.0,Gl 881,24Alp PsA,Fomalhaut,22.960838,-29.622236,7.7036,329.22,-164.22,6.1,1.17,1.737,A3V,0.145,6.450517,-1.799476,-3.807757,5.61e-06,1.12e-05,-8.41e-06,6.011133383906492,-0.5170055514089774,1.5961035991e-06,-7.96161026e-07,Alp,24.0,PsA,1,113008,,17.587333541355722,,,
101767,102098.0,197345.0,7924.0,,50Alp Cyg,Deneb,20.690532,45.280338,432.9004,1.56,1.55,-5.0,1.25,-6.932,A2Ia,0.092,197.250632,-232.113407,307.600832,-1.33e-06,6.62e-06,-1.34e-06,5.416768542177067,0.790290982752855,7.5630934e-09,7.514612e-09,Alp,50.0,Cyg,1,101767,,51617.86054966733,Alp,1.294,1.224
62239,62434.0,111123.0,4853.0,,Bet Cru,Mimosa,12.795359,-59.688764,85.3971,-48.24,-12.82,16.0,1.25,-3.407,B0.5III,-0.238,-42.168771,-8.909619,-73.723149,-7.73e-06,1.878e-05,-1.681e-05,3.349817026601454,-1.0417654498397388,-2.338741195e-07,-6.2153113e-08,Bet,,Cru,1,62239,,2008.1678041839857,Bet,1.267,1.237
71453,71681.0,128621.0,5460.0,Gl 559B,Alp2Cen,Toliman,14.660346,-60.8383,1.3248,-3678.19,481.84,-26.2,1.35,5.739,K1V,0.9,-0.495181,-0.413973,-1.156674,-7.22e-06,2.476e-05,2.491e-05,3.838069570777228,-1.0618286487704176,-1.78323683168e-05,2.336026238e-06,Alp-2,,Cen,2,71456,Gl 559,0.4409608164506375,,,
49528,49669.0,87901.0,3982.0,,32Alp Leo,Regulus,10.139532,11.967207,24.3132,-249.4,4.91,6.0,1.36,-0.569,B7V,-0.087,-21.018857,11.132218,5.041397,8.56e-06,2.873e-05,1.84e-06,2.654523172153456,0.2088671652880712,-1.2091253193e-06,2.3804351e-08,Alp,32.0,Leo,1,49528,,147.09570767969765,,,
33492,33579.0,52089.0,2618.0,,21Eps CMa,Adhara,6.977097,-28.972084,124.2236,2.63,2.29,27.0,1.5,-3.971,B2II,-0.211,-27.497987,105.141608,-60.171969,-7.81e-06,2.362e-05,-1.217e-05,1.8265996485677485,-0.5056582518554612,1.27505998e-08,1.1102233e-08,Eps,21.0,CMa,1,33492,,3375.981048554255,,,
36744,36850.0,60179.0,2891.0,Gl 278A,66Alp Gem,Castor,7.576634,31.888276,15.5958,-206.33,-148.18,6.0,1.58,0.615,A2Vm,0.034,-5.311938,12.130011,8.238737,9.83e-06,1.645e-05,-6.27e-06,1.983558270234413,0.5565554130270287,-1.0003160671e-06,-7.18396911e-07,Alp,66.0,Gem,1,36744,Gl 278,49.43106869868354,,,
60893,61084.0,108903.0,4763.0,,Gam Cru,Gacrux,12.519429,-57.113212,27.1518,27.94,-264.33,21.0,1.59,-0.579,M4III,1.6,-14.606901,-1.998688,-22.800748,1.789e-05,-1.26e-06,-3.693e-05,3.277578929248245,-0.9968135891950088,1.354569423e-07,-1.281508001e-06,Gam,,Cru,1,60893,,148.45676750522713,,,
85665,85927.0,158926.0,6527.0,,35Lam Sco,Shaula,17.560145,-37.103821,175.1313,-8.9,-29.95,-3.0,1.62,-4.597,B1.5IV+...,-0.231,-16.048583,-138.749793,-105.649898,-5.46e-06,1.854e-05,-1.843e-05,4.597235152451346,-0.6475838425148488,-4.31484176e-08,-1.45201697e-07,Lam,35.0,Sco,1,85665,,6008.9695048348585,Lam,1.656,1.596
25273,25336.0,35468.0,1790.0,,24Gam Ori,Bellatrix,5.418851,6.349702,77.3994,-8.75,-13.28,18.0,1.64,-2.804,B2III,-0.224,11.658576,76.036136,8.56012,6.1e-06,1.813e-05,-2.92e-06,1.418651833814526,0.11082320964651,-4.2421197e-08,-6.4383256e-08,Gam,24.0,Ori,1,25273,,1152.3913771994878,,,
25364,25428.0,35497.0,1791.0,,112Bet Tau,Elnath,5.438198,28.60745,41.0509,23.28,-174.22,9.0,1.65,-1.417,B7III,-0.13,5.281578,35.6504,19.655456,-9.7e-07,2.509e-05,-2.603e-05,1.4237168085654672,0.4992941923790525,1.128646248e-07,-8.44642394e-07,Bet,112.0,Tau,1,25364,,321.21809339879854,,,
45106,45238.0,80007.0,3685.0,,Bet Car,Miaplacidus,9.220041,-69.717208,34.6981,-157.66,108.91,-5.0,1.67,-1.032,A2IV,0.07,-8.980712,8.001552,-32.546536,6.13e-06,3.005e-05,1.115e-05,2.413801172874073,-1.2167948189074338,-7.643572488e-07,5.28010579e-07,Bet,,Car,1,45106,,225.32013356294823,,,
26246,26311.0,37128.0,1903.0,,46Eps Ori,Alnilam,5.603559,-1.20192,606.0606,1.49,-1.06,26.0,1.69,-7.223,B0Ia,-0.184,62.775122,602.66691,-12.712683,-1.61e-06,2.683e-05,-3.67e-06,1.4670083872075836,-0.0209774579664687,7.2237238e-09,-5.139025e-09,Eps,46.0,Ori,1,26246,,67483.87308707573,Eps,1.717,1.667
108922,109268.0,209952.0,8425.0,Gl 848.2,Alp Gru,Alnair,22.137209,-46.960975,30.9693,127.6,-147.91,10.9,1.73,-0.725,B7IV,-0.07,18.672505,-9.904001,-22.635193,1.36e-06,2.096e-05,-2.33e-05,5.795507642944743,-0.8196236395192475,6.186222564e-07,-7.17087914e-07,Alp,,Gru,1,108922,,169.82436524617444,,,
26662,26727.0,37742.0,1948.0,,50Zet Ori,Alnitak,5.679313,-1.942572,225.7336,3.99,2.54,18.0,1.74,-5.028,O9.5Ib SB,-0.199,18.918488,224.809409,-7.651875,-2.8e-06,1.879e-05,2.15e-06,1.4868406872605762,-0.0339042812501637,1.93440659e-08,1.2314267e-08,Zet,50.0,Ori,1,26662,,8937.169608501978,,,
62757,62956.0,112185.0,4905.0,,77Eps UMa,Alioth,12.900472,55.959821,25.31,111.74,-8.99,-9.0,1.76,-0.256,A0p,-0.022,-13.775959,-3.309169,20.972944,7.32e-06,-1.234e-05,-8.24e-06,3.377335590144558,0.9766831266334464,5.417308067e-07,-4.3584749e-08,Eps,77.0,UMa,1,62757,,110.2554332102224,Eps,1.776,1.746
89906,90185.0,169022.0,6879.0,,20Eps Sgr,Kaus Australis,18.402868,-34.384616,43.9367,-39.61,-124.05,-15.0,1.79,-1.424,B9.5III,-0.031,3.817188,-36.057831,-24.812975,-1.129e-05,2.654e-05,-1.314e-05,4.817859452696385,-0.6001247623494875,-1.920346989e-07,-6.0141137e-07,Eps,20.0,Sgr,1,89906,,323.2957533680941,,,
15824,15863.0,20902.0,1017.0,,33Alp Per,Mirfak,3.405378,49.86118,155.2795,24.11,-26.01,-2.0,1.79,-4.166,F5Ib,0.481,62.885098,77.880689,118.708804,-5.55e-06,2.202e-05,-1.419e-05,0.8915260037750609,0.8702417516246674,1.168885784e-07,-1.26100038e-07,Alp,33.0,Per,1,15824,,4040.173353730007,,,
53905,54061.0,95689.0,4301.0,,50Alp UMa,Dubhe,11.062155,61.751033,37.679,-136.46,-35.25,-9.0,1.81,-1.07,F7V comp,1.061,-17.298705,4.33488,33.191332,4.78e-06,2.45e-05,-1.116e-05,2.896065350203451,1.0777588446528077,-6.615767485e-07,-1.70896822e-07,Alp,50.0,UMa,1,53905,,233.3458062281002,,,
34354,34444.0,54605.0,2693.0,,25Del CMa,Wezen,7.139857,-26.3932,492.6108,-2.75,3.33,34.0,1.83,-6.633,F8Ia,0.671,-129.733458,421.761488,-218.979855,-3.92e-06,3.508e-05,-8.33e-06,1.869210132341708,-0.4606482337374187,-1.33323762e-08,1.6144295e-08,Del,25.0,CMa,1,34354,,39192.2322454977,,,
67088,67301.0,120315.0,5191.0,,85Eta UMa,Alkaid,13.792354,49.313265,31.8674,-121.23,-15.56,-11.0,1.85,-0.667,B3V SB,-0.099,-18.529548,-9.394541,24.164506,-3.55e-06,1.92e-05,-1.01e-05,3.6108299012782816,0.8606788389261799,-5.877396249e-07,-7.5437008e-08,Eta,85.0,UMa,1,67088,,160.99040762157054,,,
40921,41037.0,71129.0,3307.0,,Eps Car,Avior,8.375236,-59.509483,185.5288,-25.34,22.72,2.0,1.86,-4.482,K3III+B2V,1.196,-54.83708,76.515238,-159.872623,7.66e-06,2.843e-05,8.61e-06,2.192631676046867,-1.038636414190405,-1.228517867e-07,1.10149668e-07,Eps,,Car,1,40921,,5405.053537086696,,,
85965,86228.0,159532.0,6553.0,,The Sco,Sargas,17.62198,-42.997824,92.081,6.06,-0.95,1.0,1.86,-2.961,F1II,0.406,-6.654055,-67.016643,-62.796539,2.65e-06,-7.2e-07,-1.01e-06,4.613423665072454,-0.7504535963001288,2.9379709e-08,-4.605729e-09,The,,Sco,1,85965,,1331.6803762699813,,,
28288,28360.0,40183.0,2088.0,GJ 3375,34Bet Aur,Menkalinan,5.992149,44.947433,24.8694,-56.41,-0.88,-19.4,1.9,-0.078,A2V,0.077,0.036195,17.601288,17.569058,6.77e-06,-1.398e-05,-1.409e-05,1.5687409450202745,0.78448069066935,-2.734833972e-07,-4.26636e-09,Bet,34.0,Aur,1,28288,,93.58365435835302,Bet,1.967,1.897
82022,82273.0,150798.0,6217.0,,Alp TrA,Atria,16.811077,-69.027715,119.7605,17.85,-32.92,-3.0,1.91,-3.482,K2IIb-IIIa,1.447,-13.127447,-40.804561,-111.826781,1.567e-05,1.486e-05,-3.98e-06,4.401129586218367,-1.204760900505801,8.6539242e-08,-1.59600663e-07,Alp,,TrA,1,82022,,2151.7905703397573,,,
31601,31681.0,47105.0,2421.0,,24Gam Gem,Alhena,6.628528,16.399252,33.5121,-2.04,-66.92,-13.0,1.93,-0.696,A0IV,0.001,-5.266162,31.714389,9.461403,1.91e-06,-9.5e-06,-1.418e-05,1.735344593460758,0.2862209441734937,-9.8901991e-09,-3.24437315e-07,Gam,24.0,Gem,1,31601,,165.34840121711517,,,
42794,42913.0,74956.0,3485.0,Gl 321.3A,Del Vel,Alsephina,8.745059,-54.708821,24.6975,28.78,-104.14,2.2,1.93,-0.033,A1V,0.043,-9.394033,10.739813,-20.158771,3.25e-06,-8.95e-06,-9.04e-06,2.289451210882051,-0.9548490567434526,1.395293773e-07,-5.04884966e-07,Del,,Vel,1,42794,Gl 321.3,89.78421709097269,Del,1.939,1.929
100425,100751.0,193924.0,7790.0,,Alp Pav,Peacock,20.427459,-56.73509,54.8246,7.71,-86.15,2.0,1.94,-1.755,B2IV,-0.118,17.850262,-24.200974,-45.841245,-9.05e-06,1.572e-05,-1.427e-05,5.347896379067429,-0.9902141215861188,3.73791348e-08,-4.17666985e-07,Alp,,Pav,1,100425,,438.5306977749856,,,
11734,11767.0,8890.0,424.0,,1Alp UMi,Polaris,2.52975,89.264109,132.626,44.22,-11.74,-17.0,1.97,-3.643,F7:Ib-IIv SB,0.636,1.3431,1.047629,132.614909,-1.171e-05,2.692e-05,-1.748e-05,0.6622870748653336,1.5579526129751475,2.143846095e-07,-5.6917126e-08,Alp,1.0,UMi,1,11734,,2495.743794831569,Alp,1.993,1.953
30251,30324.0,44743.0,2294.0,,2Bet CMa,Mirzam,6.378329,-17.955918,151.0574,-3.45,-0.47,34.0,1.98,-3.916,B1II/III,-0.24,-14.209731,142.995999,-46.568852,-7.5e-07,3.306e-05,-1.105e-05,1.6698426956468702,-0.31338988393796,-1.6726072e-08,-2.278624e-09,Bet,2.0,CMa,1,30251,,3209.223768048436,Bet,1.999,1.969
46259,46390.0,81797.0,3748.0,,30Alp Hya,Alphard,9.45979,-8.658603,55.2792,-14.49,33.25,-4.0,1.99,-1.723,K3III,1.44,-43.003468,33.722848,-8.322089,4.52e-06,1.39e-06,9.42e-06,2.4765671803168545,-0.151121122495205,-7.02495023e-08,1.61200548e-07,Alp,30.0,Hya,1,46259,,425.7944535825967,,,
9861,9884.0,12929.0,617.0,Gl 84.3,13Alp Ari,Hamal,2.119555,23.462423,20.1776,190.73,-145.77,-14.4,2.01,0.486,K2III,1.151,15.731986,9.751722,8.03361,-1.649e-05,1.173e-05,-1.894e-05,0.554898130994913,0.4094965332621075,9.246851329e-07,-7.06712902e-07,Alp,13.0,Ari,1,9861,,55.6672798150948,,,
50440,50583.0,89484.0,4057.0,,41Gam1Leo,Algieba,10.332873,19.841489,39.8883,310.77,-152.88,-37.0,2.01,-0.994,K0III,1.128,-34.002797,15.860719,13.53874,-2.24e-06,-6.526e-05,-4.065e-05,2.7051398372354067,0.3462993056474024,1.5066554751e-06,-7.41183154e-07,Gam-1,41.0,Leo,1,50440,,217.5704950925793,,,
